barcode,tea_name,brand,tea_type,category
8901030826394,Lipton Green Tea,Lipton,Green Tea,Traditional
8901030826387,Lipton Black Tea,Lipton,Black Tea,Traditional
070177176013,Twinings Earl Grey,Twinings,Earl Grey,Specialty
070177154011,Twinings English Breakfast,Twinings,Black Tea,Traditional
8901138510024,Tetley Masala Tea,Tetley,Chai Tea,Specialty
8901138509806,Tetley Green Tea,Tetley,Green Tea,Traditional
8906009450012,Wagh Bakri Premium Tea,Wagh Bakri,Black Tea,Traditional
8906009450357,Wagh Bakri Masala Tea,Wagh Bakri,Chai Tea,Specialty
8906111240014,Taj Mahal Tea,Taj Mahal,Black Tea,Traditional
794522219001,Organic India Tulsi Green Tea,Organic India,Green Tea,Traditional
794522219018,Organic India Chamomile Tea,Organic India,Chamomile Tea,Herbal
041000000027,Bigelow Green Tea,Bigelow,Green Tea,Traditional
041000001024,Bigelow Earl Grey,Bigelow,Earl Grey,Specialty
030684019455,Stash Green Tea,Stash,Green Tea,Traditional
030684070432,Stash Chai Spice,Stash,Chai Tea,Specialty
9312631141023,Dilmah Ceylon Tea,Dilmah,Black Tea,Traditional
9312631141030,Dilmah Green Tea,Dilmah,Green Tea,Traditional
8901234567001,Premium Oolong Tea,Tea Master,Oolong Tea,Traditional
8901234567002,Silver Needle White Tea,Tea Master,White Tea,Traditional
8901234567003,Authentic Pu-erh Tea,Tea Master,Pu-erh Tea,Traditional
8901234567004,Classic Yellow Tea,Tea Master,Yellow Tea,Traditional
8901234567101,Chamomile Herbal Infusion,Herbal Bliss,Chamomile Tea,Herbal
8901234567102,Peppermint Fresh Tea,Herbal Bliss,Peppermint Tea,Herbal
8901234567103,Ginger Root Tea,Natural Care,Ginger Tea,Herbal
8901234567104,Hibiscus Flower Tea,Natural Care,Hibiscus Tea,Herbal
8901234567105,Rooibos Red Tea,Africa Pure,Rooibos Tea,Herbal
8901234567106,Lavender Relax Tea,Calm Life,Lavender Tea,Herbal
8901234567107,Lemon Balm Herbal Tea,Calm Life,Lemon Balm Tea,Herbal
8901234567201,Jasmine Green Tea,Orient Leaf,Jasmine Tea,Specialty
8901234567202,Premium Matcha Powder,Zen Leaf,Matcha Tea,Specialty
8901234567203,Spiced Indian Chai,Desi Brew,Chai Tea,Specialty
8901234567301,Turmeric Wellness Tea,Health First,Turmeric Tea,Medicinal
8901234567302,Echinacea Immune Tea,Health First,Echinacea Tea,Medicinal
8901234567303,Nettle Detox Tea,Nature Care,Nettle Tea,Medicinal
8901234567304,Dandelion Root Tea,Nature Care,Dandelion Tea,Medicinal
8901234567401,Rosehip Fruit Tea,Berry Fresh,Rosehip Tea,Fruit
8901234567402,Blueberry Herbal Tea,Berry Fresh,Blueberry Tea,Fruit
8901234567403,Raspberry Leaf Tea,Berry Fresh,Raspberry Leaf Tea,Fruit
8901234567501,Roasted Barley Tea,Asian Roots,Barley Tea,Asian Specialty
8901234567502,Chrysanthemum Flower Tea,Asian Roots,Chrysanthemum Tea,Asian Specialty
041000008429,Green Tea,Lipton,Green Tea Orange Passionfruit Jasmine (20 ct)
041000693847,Green Tea,Lipton,Magnificent Matcha Green Tea with Ginger (15 ct)
794522730636,Green Tea,Lipton,Decaffeinated Green Tea (40 ct)
041000077203,Green Tea,Lipton,Green Tea (20 ct)
072310008410,Green Tea,Bigelow,Jasmine Green Tea (20 ct,pack of 6)
072310001459,Green Tea,Bigelow,Green Tea with Lemon (20 ct)
072310001305,Green Tea,Bigelow,Green Tea with Peach (20 ct)
072310024519,Green Tea,Bigelow,Classic Green Tea (168 ct)
077652082593,Green Tea,Stash,Decaf Premium Green Tea (18 ct)
077652083835,Green Tea,Stash,Organic Decaf Premium Green Tea (18 ct)
794522201433,Green Tea,Tazo,Organic Pan-Fired Green Tea (20 ct,pack of 6)
794522201020,Green Tea,Tazo,Ginger Green Tea (20 ct,pack of 3)
636046354397,Green Tea,Harney & Sons,Green Tea with Coconut,Ginger and Vanilla (30 sachets)
073469301346,Green Tea,Yamamotoyama,Genmaicha Green Tea (16 ct) – also listed under Genmaicha
855614005244,Green Tea,MatchaDNA,Certified Organic Matcha Green Tea (100 ct)
096619533022,Green Tea,Kirkland (Ito En),Matcha Blend Japanese Green Tea (100 ct)
864777000225,Green Tea,Chalait,Ceremonial Matcha (30 g) – also listed under Matcha
868034000263,Green Tea,Matcha Maiden,Organic Matcha Powder (28.35 g) – also listed under Matcha
070177858070,Black Tea,Twinings,English Breakfast K‑Cup Pods (24 ct)
070177173517,Black Tea,Twinings,Decaffeinated English Breakfast (20 ct)
070177233389,Black Tea,Twinings,Pure Black Iced Tea Bags (72 ct)
070177136499,Black Tea,Twinings,Everyday (80 ct)
700064832370,Black Tea,Lipton,100% Natural Black Tea (100 ct,pack of 2)
041000731334,Black Tea,Lipton,Black Tea (312 ct)
041000369063,Black Tea,Lipton,K‑Cup Black Tea
011156060015,Black Tea,Tetley,British Blend Premium Black Tea (80 ct)
072310001770,Black Tea,Bigelow,English Teatime (20 ct)
077652082654,Black Tea,Stash,Double Spice Chai Black Tea (18 ct)
072310001992,Oolong Tea,Bigelow,Oolong Tea (20 ct,pack of 3)
156754567532,Oolong Tea,Elmwood Inn,Black Dragon Oolong Tea (16 oz loose)
672145001411,Oolong Tea,Revolution,Dragon Eye Oolong Tea (30 ct)
664435407300,Oolong Tea,ZIN,Grape Oolong (50 ct)
053554749116,Oolong Tea,Strong Aroma,Premium Anxi Tie Guan Yin (250 g loose)
893574001821,Oolong Tea,Octavia Tea,Rose Oolong (1.23 oz tin)
881314290826,Oolong Tea,Mountain Tea,Alishan Oolong (141.7 g loose)
777303090198,Oolong Tea,Van Cheong,Taiwanese Ginseng Oolong (300 g loose)
636046101229,Oolong Tea,Harney & Sons,Raspberry Herbal (50 ct) – also listed under Hibiscus
077652082210,Chamomile Tea,Stash,Chamomile Herbal (20 ct)
072310000414,Chamomile Tea,Bigelow,Cozy Chamomile (20 ct)
731946822653,Chamomile Tea,Organic,Chamomile Mint Citrus (30 ct)
652129399529,Chamomile Tea,Scash,Chamomile Flowers (4 oz loose)
680275006244,Chamomile Tea,Eden Grove,Chamomile Lavender (100 ct,pack of 2)
745998500148,Chamomile Tea,Equal Exchange,Organic Chamomile (20 ct)
370121841395,Chamomile Tea,Hornimans,Chamomile with Honey (25 ct,pack of 3)
844208089470,Chamomile Tea,Camomile,Herbal Tea (20 ct)
032917001566,Chamomile Tea,Traditional Medicinals,Organic Chamomile (16 ct)
706241057147,Peppermint Tea,Carmencita,Peppermint (20 envelopes)
814910010147,Peppermint Tea,teapigs,Peppermint Leaves (15 ct)
742676402039,Peppermint Tea,Republic of Tea,Peppermint Bark (36 ct)
697478212532,Peppermint Tea,TeaDreamTea,Peppermint (50 ct)
628098710658,Peppermint Tea,Tealyra,Rosemary Mint (4 oz loose)
798813053664,Peppermint Tea,Choice,Organic Peppermint (1 oz)
702730516065,Peppermint Tea,Raizana,Hibiscus Peppermint Refreshment (3 oz)
611720456987,Ginger Tea,Traditional Medicinals,Organic Ginger (16 ct,pack of 2)
663199143776,Ginger Tea,Tea Forte,White Ginger Pear (1 lb loose)
749650391204,Ginger Tea,Sueños del Caribe,Jamaica Sorrel & Ginger (24 ct)
727597892305,Hibiscus Tea,TIAN HU SHAN,Dried Hibiscus Flowers (1 lb loose)
083703302008,Hibiscus Tea,Tadin,Te de Jamaica (24 ct)
794522211500,Hibiscus Tea,Tazo,Scarlet Citrus Rooibos (20 ct)
897530000934,Hibiscus Tea,Argo Tea,Hibiscus Sangria (13.5 oz)
762539574376,Hibiscus Tea,Organic,Roselle (300 g loose)
089836028280,Rooibos Tea,Frontier Co‑op,Organic Rooibos (16 oz loose)
188219000056,Rooibos Tea,The TeaSpot,Red Rocks Rooibos with Vanilla & Almond (3.5 oz)
810737200266,Rooibos Tea,African Red Tea Imports,Rooibos with Madagascar Vanilla (1 lb)
810737000019,Rooibos Tea,African Red Tea Imports,Natural Red Rooibos (1.6 oz)
855124007417,Rooibos Tea,BOS,Organic Iced Tea Yuzu (8 pack)
680044811611,Rooibos Tea,Special Tea,Blue Lady Earl Grey Green & Rooibos (30 g)
742676408338,Rooibos Tea,Republic of Tea,Be Active Green Rooibos (36 ct)
798813121738,Lavender Tea,Numi,Petite Bouquet Flowering Tea (4 variety)
783583775106,Lavender Tea,Mother Earth's,Stress Relief Loose Leaf (1.5 oz)
786301535792,Lavender Tea,Naturegrail,Culinary Lavender Flowers (7 oz)
851031007618,Lavender Tea,Anthony's,Organic French Lavender Petals (5 oz)
721867120983,Lavender Tea,Shifa,Blood Pressure Support Tea (1.5 oz)
089836005946,Lavender Tea,Frontier Co‑op,Whole Lavender Flowers (1 lb)
813026020989,Lavender Tea,Pukka,Relax Selection Herbal Tea Sampler (45 ct)
602573813102,Matcha,Fat Fuel,Instant Keto Matcha Tea (15 servings)
803809054171,Matcha,DAVIDsTEA,Matcha Discovery Sampler (125 g)
869154000126,Matcha,ZENDORI,Matcha Green Tea Powder (3.5 oz)
759473574906,Chai,Tazo,Chai Latte Concentrate (32 fl oz,pack of 3)
077652082692,Chai,Stash,Vanilla Chai Decaf (18 ct)
072310770027,Chai,Bigelow,Chai Tea Latte Hot Chocolate Bombs (4 ct)
696859312403,Chai,Taja,Saffron & Cinnamon Fusion Chai (20 ct)
642628103567,Chai,Big Train,Chai Tea Chocolate (3.5 lb bulk)
027825001241,Chai,Serenity,Chai Green Tea Latte (1.25 oz packets,25 ct)
721867120884,Turmeric,Shifa,Turmeric Headache Relief (1.5 oz)
813026020477,Turmeric,Pukka,Turmeric Glow (20 sachets)
764130442917,Turmeric,Krittiya Garden,Turmeric Moringa Blend (36 ct)
027434039901,Rosehip,Alvita,Organic Rose Hips (24 ct)
070734541292,Rosehip,Celestial Seasonings,Citrus Sunrise (20 ct)
771541505346,Rosehip,Metropolitan Tea,Lady Hannah's Whole Fruit Tea (500 g)
054881001120,Rosehip,Ammad,Herbalist Variety Gift Box (60 ct)
845183011494,Blueberry,Tattle Tea,Blueberry Lemon Cake Rooibos (2 lb loose)
664435471721,Blueberry,ZIN,Berry Yerba Mate (8 oz loose)
850019890259,Blueberry,Ardor Organic,Blueberry Pom (variety pack)
051000289117,Blueberry,V8 +Energy,Sparkling Pomegranate Blueberry (11.5 fl oz,4 pack)
077652083668,Raspberry,Stash,Pomegranate‑Raspberry with Matcha (20 ct)
072310000988,Raspberry,Bigelow,Six Variety Pack (includes Red Raspberry) (18 ct)
707005213441,Raspberry,Yogi,Woman's Tea (16 ct)
024182181333,Kukicha,Eden Foods,Twig Kukicha (1.75 oz loose)
632556389324,Kukicha,One With Tea,Organic Kukicha Loose Leaf
023547500017,Kukicha,Haiku,Organic Kukicha (16 ct)
892859002348,Kukicha,Sugimoto Tea,Japanese Kukicha Stem Loose Leaf (3 oz)
024182181203,Kukicha,Eden Foods,Kukicha Twig Tea (16 ct,pack of 12)
033878201347,Genmaicha,Coffee Bean & Tea Leaf,Hand‑Picked Genmaicha (20 ct)
858710000267,Genmaicha,Den's Tea,Organic Genmaicha (2 oz loose)
742676400158,Genmaicha,Republic of Tea,Tea of Inquiry Green Tea (50 ct)
070177149352,Lemon,Twinings,Flavored Green Tea Lemon (20 ct)
070734053177,Lemon,Celestial Seasonings,Lemon Zinger (20 ct)
727567326700,Lemon,GUOSETIANX,Kumquat Lemon Passion Fruit Tea (250 g)
778554963811,Lemon,Snapple,Diet Lemon Iced Tea (64 fl oz,pack of 8)
